size,density,avg_solved_percent,min_solved_percent,max_solved_percent,avg_time_ms
5,0.1,89.40,36.00,100.00,0.03
5,0.2,74.20,8.00,100.00,0.04
5,0.3,74.20,0.00,100.00,0.04
5,0.4,80.80,8.00,100.00,0.03
5,0.5,96.80,68.00,100.00,0.03
5,0.6,97.60,84.00,100.00,0.03
5,0.7,99.20,84.00,100.00,0.03
5,0.8,100.00,100.00,100.00,0.02
5,0.9,100.00,100.00,100.00,0.02
10,0.1,56.60,19.00,86.00,0.04
10,0.2,19.80,0.00,51.00,0.05
10,0.3,15.75,0.00,73.00,0.07
10,0.4,54.05,0.00,100.00,0.13
10,0.5,91.80,59.00,100.00,0.17
10,0.6,99.80,96.00,100.00,0.07
10,0.7,99.80,96.00,100.00,0.05
10,0.8,100.00,100.00,100.00,0.04
10,0.9,100.00,100.00,100.00,0.02
15,0.1,37.04,13.33,61.78,0.05
15,0.2,9.78,0.00,26.67,0.03
15,0.3,1.89,0.00,8.00,0.03
15,0.4,11.82,0.00,61.33,0.08
15,0.5,68.20,2.67,100.00,0.14
15,0.6,99.56,96.44,100.00,0.09
15,0.7,99.78,97.33,100.00,0.07
15,0.8,100.00,100.00,100.00,0.05
15,0.9,100.00,100.00,100.00,0.03
20,0.1,22.59,5.00,41.50,0.04
20,0.2,3.25,0.00,14.50,0.04
20,0.3,0.56,0.00,5.00,0.04
20,0.4,1.46,0.00,3.25,0.07
20,0.5,36.75,1.25,99.00,0.26
20,0.6,99.80,99.00,100.00,0.23
20,0.7,99.95,99.00,100.00,0.13
20,0.8,100.00,100.00,100.00,0.09
20,0.9,100.00,100.00,100.00,0.05
25,0.1,16.00,7.84,32.80,0.06
25,0.2,0.00,0.00,0.00,0.04
25,0.3,0.05,0.00,0.64,0.06
25,0.4,0.89,0.00,9.44,0.12
25,0.5,19.13,1.12,96.48,0.35
25,0.6,99.25,94.88,100.00,0.50
25,0.7,99.90,99.36,100.00,0.24
25,0.8,100.00,100.00,100.00,0.15
25,0.9,99.97,99.36,100.00,0.08
30,0.1,7.99,0.00,16.00,0.08
30,0.2,0.17,0.00,3.33,0.07
30,0.3,0.00,0.00,0.00,0.08
30,0.4,0.38,0.00,4.11,0.18
30,0.5,5.42,0.78,21.44,0.41
30,0.6,99.42,94.78,100.00,0.94
30,0.7,99.93,99.56,100.00,0.42
30,0.8,100.00,100.00,100.00,0.22
30,0.9,100.00,100.00,100.00,0.13
35,0.1,5.65,0.00,13.80,0.11
35,0.2,0.14,0.00,2.86,0.10
35,0.3,0.00,0.00,0.00,0.13
35,0.4,0.13,0.00,0.57,0.22
35,0.5,4.42,0.41,23.18,0.56
35,0.6,91.11,8.41,100.00,1.58
35,0.7,99.97,99.67,100.00,0.60
35,0.8,100.00,100.00,100.00,0.33
35,0.9,100.00,100.00,100.00,0.17
40,0.1,2.73,0.00,9.81,0.13
40,0.2,0.00,0.00,0.00,0.13
40,0.3,0.00,0.00,0.00,0.18
40,0.4,0.03,0.00,0.31,0.27
40,0.5,2.14,0.00,9.56,0.69
40,0.6,91.44,22.31,100.00,2.92
40,0.7,99.99,99.75,100.00,0.84
40,0.8,100.00,100.00,100.00,0.43
40,0.9,100.00,100.00,100.00,0.24
45,0.1,1.78,0.00,4.69,0.17
45,0.2,0.00,0.00,0.00,0.17
45,0.3,0.00,0.00,0.00,0.24
45,0.4,0.01,0.00,0.15,0.33
45,0.5,1.44,0.40,5.14,0.96
45,0.6,81.72,6.02,100.00,5.28
45,0.7,99.94,99.41,100.00,1.28
45,0.8,100.00,100.00,100.00,0.64
45,0.9,100.00,100.00,100.00,0.30
50,0.1,1.70,0.00,5.92,0.20
50,0.2,0.00,0.00,0.00,0.23
50,0.3,0.00,0.00,0.00,0.30
50,0.4,0.01,0.00,0.16,0.38
50,0.5,0.51,0.00,1.80,0.90
50,0.6,73.26,5.60,100.00,7.94
50,0.7,99.96,99.76,100.00,1.63
50,0.8,100.00,100.00,100.00,0.83
50,0.9,100.00,100.00,100.00,0.41
60,0.1,0.17,0.00,1.67,0.24
60,0.2,0.00,0.00,0.00,0.35
60,0.3,0.00,0.00,0.00,0.50
60,0.4,0.00,0.00,0.06,0.64
60,0.5,0.23,0.00,1.67,1.24
60,0.6,35.02,1.33,100.00,10.76
60,0.7,99.97,99.83,100.00,2.96
60,0.8,100.00,100.00,100.00,1.27
60,0.9,100.00,100.00,100.00,0.62
70,0.1,0.14,0.00,1.43,0.34
70,0.2,0.00,0.00,0.00,0.54
70,0.3,0.00,0.00,0.00,0.76
70,0.4,0.00,0.00,0.00,0.96
70,0.5,0.04,0.00,0.29,1.49
70,0.6,16.40,1.00,99.71,22.21
70,0.7,99.97,99.73,100.00,4.92
70,0.8,100.00,99.92,100.00,2.03
70,0.9,100.00,100.00,100.00,0.89
80,0.1,0.00,0.00,0.00,0.44
80,0.2,0.00,0.00,0.00,0.78
80,0.3,0.00,0.00,0.00,1.07
80,0.4,0.00,0.00,0.00,1.34
80,0.5,0.01,0.00,0.08,1.97
80,0.6,1.21,0.41,2.30,3.92
80,0.7,99.98,99.94,100.00,7.79
80,0.8,100.00,100.00,100.00,3.14
80,0.9,100.00,100.00,100.00,1.31